[
{
  "model": "admin.logentry",
  "pk": 1,
  "fields": {
    "action_time": "2024-07-31T17:47:20.835Z",
    "user": 1,
    "content_type": 7,
    "object_id": "1",
    "object_repr": "How django works?",
    "action_flag": 1,
    "change_message": "[{\"added\": {}}]"
  }
},
{
  "model": "admin.logentry",
  "pk": 2,
  "fields": {
    "action_time": "2024-07-31T17:47:23.470Z",
    "user": 1,
    "content_type": 7,
    "object_id": "1",
    "object_repr": "How django works?",
    "action_flag": 2,
    "change_message": "[]"
  }
},
{
  "model": "admin.logentry",
  "pk": 3,
  "fields": {
    "action_time": "2024-07-31T18:01:48.418Z",
    "user": 1,
    "content_type": 7,
    "object_id": "1",
    "object_repr": "How django works?",
    "action_flag": 2,
    "change_message": "[]"
  }
},
{
  "model": "admin.logentry",
  "pk": 4,
  "fields": {
    "action_time": "2024-07-31T18:05:23.714Z",
    "user": 1,
    "content_type": 7,
    "object_id": "1",
    "object_repr": "How django works?",
    "action_flag": 2,
    "change_message": "[{\"changed\": {\"fields\": [\"Publish\"]}}]"
  }
},
{
  "model": "admin.logentry",
  "pk": 5,
  "fields": {
    "action_time": "2024-08-01T17:18:32.939Z",
    "user": 1,
    "content_type": 7,
    "object_id": "1",
    "object_repr": "How django works?",
    "action_flag": 2,
    "change_message": "[{\"changed\": {\"fields\": [\"Status\"]}}]"
  }
},
{
  "model": "admin.logentry",
  "pk": 6,
  "fields": {
    "action_time": "2024-08-01T17:18:51.354Z",
    "user": 1,
    "content_type": 7,
    "object_id": "2",
    "object_repr": "How to learn html?",
    "action_flag": 2,
    "change_message": "[{\"changed\": {\"fields\": [\"Status\"]}}]"
  }
},
{
  "model": "admin.logentry",
  "pk": 7,
  "fields": {
    "action_time": "2024-08-04T11:33:56.463Z",
    "user": 1,
    "content_type": 7,
    "object_id": "1",
    "object_repr": "How django works?",
    "action_flag": 2,
    "change_message": "[]"
  }
},
{
  "model": "admin.logentry",
  "pk": 8,
  "fields": {
    "action_time": "2024-08-04T13:58:44.399Z",
    "user": 1,
    "content_type": 7,
    "object_id": "1",
    "object_repr": "How django works?",
    "action_flag": 2,
    "change_message": "[]"
  }
},
{
  "model": "admin.logentry",
  "pk": 9,
  "fields": {
    "action_time": "2024-08-04T18:32:48.577Z",
    "user": 1,
    "content_type": 7,
    "object_id": "3",
    "object_repr": "top 5 best programming languages 2024",
    "action_flag": 2,
    "change_message": "[{\"changed\": {\"fields\": [\"Slug\"]}}]"
  }
},
{
  "model": "admin.logentry",
  "pk": 10,
  "fields": {
    "action_time": "2024-08-04T18:33:15.880Z",
    "user": 1,
    "content_type": 7,
    "object_id": "4",
    "object_repr": "best-prog-lang",
    "action_flag": 1,
    "change_message": "[{\"added\": {}}]"
  }
},
{
  "model": "admin.logentry",
  "pk": 11,
  "fields": {
    "action_time": "2024-08-04T18:33:54.442Z",
    "user": 1,
    "content_type": 7,
    "object_id": "4",
    "object_repr": "best-prog-lang",
    "action_flag": 2,
    "change_message": "[{\"changed\": {\"fields\": [\"Status\"]}}]"
  }
},
{
  "model": "admin.logentry",
  "pk": 12,
  "fields": {
    "action_time": "2024-08-04T18:34:02.643Z",
    "user": 1,
    "content_type": 7,
    "object_id": "3",
    "object_repr": "top 5 best programming languages 2024",
    "action_flag": 2,
    "change_message": "[{\"changed\": {\"fields\": [\"Status\"]}}]"
  }
},
{
  "model": "admin.logentry",
  "pk": 13,
  "fields": {
    "action_time": "2024-08-05T17:20:49.423Z",
    "user": 1,
    "content_type": 7,
    "object_id": "5",
    "object_repr": "Coding is easy, here's 5 tips",
    "action_flag": 1,
    "change_message": "[{\"added\": {}}]"
  }
},
{
  "model": "admin.logentry",
  "pk": 14,
  "fields": {
    "action_time": "2024-08-06T17:35:13.289Z",
    "user": 1,
    "content_type": 7,
    "object_id": "6",
    "object_repr": "How to stay silent",
    "action_flag": 1,
    "change_message": "[{\"added\": {}}]"
  }
},
{
  "model": "admin.logentry",
  "pk": 15,
  "fields": {
    "action_time": "2024-08-06T17:36:04.230Z",
    "user": 1,
    "content_type": 7,
    "object_id": "7",
    "object_repr": "Huge numbers",
    "action_flag": 1,
    "change_message": "[{\"added\": {}}]"
  }
},
{
  "model": "admin.logentry",
  "pk": 16,
  "fields": {
    "action_time": "2024-08-06T17:47:02.247Z",
    "user": 1,
    "content_type": 7,
    "object_id": "8",
    "object_repr": "Data dot com",
    "action_flag": 1,
    "change_message": "[{\"added\": {}}]"
  }
},
{
  "model": "admin.logentry",
  "pk": 17,
  "fields": {
    "action_time": "2024-08-12T18:08:43.017Z",
    "user": 1,
    "content_type": 8,
    "object_id": "1",
    "object_repr": "Comment by george on top 5 best programming languages 2024",
    "action_flag": 1,
    "change_message": "[{\"added\": {}}]"
  }
},
{
  "model": "admin.logentry",
  "pk": 18,
  "fields": {
    "action_time": "2024-08-15T10:41:11.938Z",
    "user": 1,
    "content_type": 8,
    "object_id": "2",
    "object_repr": "Comment by George on Data dot com",
    "action_flag": 2,
    "change_message": "[{\"changed\": {\"fields\": [\"Active\"]}}]"
  }
},
{
  "model": "admin.logentry",
  "pk": 19,
  "fields": {
    "action_time": "2024-08-15T16:22:43.293Z",
    "user": 1,
    "content_type": 7,
    "object_id": "3",
    "object_repr": "top 5 best programming languages 2024",
    "action_flag": 2,
    "change_message": "[{\"changed\": {\"fields\": [\"Tags\"]}}]"
  }
},
{
  "model": "admin.logentry",
  "pk": 20,
  "fields": {
    "action_time": "2024-08-15T16:23:22.587Z",
    "user": 1,
    "content_type": 7,
    "object_id": "3",
    "object_repr": "top 5 best programming languages 2024",
    "action_flag": 2,
    "change_message": "[{\"changed\": {\"fields\": [\"Tags\"]}}]"
  }
},
{
  "model": "admin.logentry",
  "pk": 21,
  "fields": {
    "action_time": "2024-08-15T19:42:40.402Z",
    "user": 1,
    "content_type": 7,
    "object_id": "2",
    "object_repr": "How to learn html?",
    "action_flag": 2,
    "change_message": "[{\"changed\": {\"fields\": [\"Tags\"]}}]"
  }
},
{
  "model": "admin.logentry",
  "pk": 22,
  "fields": {
    "action_time": "2024-08-15T19:42:45.210Z",
    "user": 1,
    "content_type": 7,
    "object_id": "3",
    "object_repr": "top 5 best programming languages 2024",
    "action_flag": 2,
    "change_message": "[{\"changed\": {\"fields\": [\"Tags\"]}}]"
  }
},
{
  "model": "admin.logentry",
  "pk": 23,
  "fields": {
    "action_time": "2024-08-15T19:42:54.649Z",
    "user": 1,
    "content_type": 7,
    "object_id": "3",
    "object_repr": "top 5 best programming languages 2024",
    "action_flag": 2,
    "change_message": "[{\"changed\": {\"fields\": [\"Tags\"]}}]"
  }
},
{
  "model": "admin.logentry",
  "pk": 24,
  "fields": {
    "action_time": "2024-08-15T19:43:00.924Z",
    "user": 1,
    "content_type": 7,
    "object_id": "7",
    "object_repr": "Huge numbers",
    "action_flag": 2,
    "change_message": "[{\"changed\": {\"fields\": [\"Tags\"]}}]"
  }
},
{
  "model": "admin.logentry",
  "pk": 25,
  "fields": {
    "action_time": "2024-08-15T19:43:04.625Z",
    "user": 1,
    "content_type": 7,
    "object_id": "8",
    "object_repr": "Data dot com",
    "action_flag": 2,
    "change_message": "[{\"changed\": {\"fields\": [\"Tags\"]}}]"
  }
},
{
  "model": "admin.logentry",
  "pk": 26,
  "fields": {
    "action_time": "2024-08-15T19:43:13.102Z",
    "user": 1,
    "content_type": 7,
    "object_id": "5",
    "object_repr": "Coding is easy, here's 5 tips",
    "action_flag": 2,
    "change_message": "[{\"changed\": {\"fields\": [\"Tags\"]}}]"
  }
},
{
  "model": "admin.logentry",
  "pk": 27,
  "fields": {
    "action_time": "2024-08-15T19:44:08.788Z",
    "user": 1,
    "content_type": 7,
    "object_id": "7",
    "object_repr": "Huge numbers",
    "action_flag": 2,
    "change_message": "[]"
  }
},
{
  "model": "admin.logentry",
  "pk": 28,
  "fields": {
    "action_time": "2024-08-15T19:44:44.008Z",
    "user": 1,
    "content_type": 7,
    "object_id": "9",
    "object_repr": "5 Essential Tips for Boosting Your Productivity",
    "action_flag": 1,
    "change_message": "[{\"added\": {}}]"
  }
},
{
  "model": "admin.logentry",
  "pk": 29,
  "fields": {
    "action_time": "2024-08-15T19:45:26.845Z",
    "user": 1,
    "content_type": 7,
    "object_id": "8",
    "object_repr": "Data dot com",
    "action_flag": 3,
    "change_message": ""
  }
},
{
  "model": "admin.logentry",
  "pk": 30,
  "fields": {
    "action_time": "2024-08-15T19:45:31.582Z",
    "user": 1,
    "content_type": 7,
    "object_id": "7",
    "object_repr": "Huge numbers",
    "action_flag": 3,
    "change_message": ""
  }
},
{
  "model": "admin.logentry",
  "pk": 31,
  "fields": {
    "action_time": "2024-08-15T19:45:36.209Z",
    "user": 1,
    "content_type": 7,
    "object_id": "4",
    "object_repr": "best-prog-lang",
    "action_flag": 3,
    "change_message": ""
  }
},
{
  "model": "admin.logentry",
  "pk": 32,
  "fields": {
    "action_time": "2024-08-15T19:45:41.684Z",
    "user": 1,
    "content_type": 7,
    "object_id": "6",
    "object_repr": "How to stay silent",
    "action_flag": 3,
    "change_message": ""
  }
},
{
  "model": "admin.logentry",
  "pk": 33,
  "fields": {
    "action_time": "2024-08-15T19:46:03.605Z",
    "user": 1,
    "content_type": 7,
    "object_id": "2",
    "object_repr": "How to learn html?",
    "action_flag": 2,
    "change_message": "[{\"changed\": {\"fields\": [\"Body\"]}}]"
  }
},
{
  "model": "admin.logentry",
  "pk": 34,
  "fields": {
    "action_time": "2024-08-15T19:46:51.983Z",
    "user": 1,
    "content_type": 7,
    "object_id": "10",
    "object_repr": "Getting Started with Python: A Beginner's Guide",
    "action_flag": 1,
    "change_message": "[{\"added\": {}}]"
  }
},
{
  "model": "admin.logentry",
  "pk": 35,
  "fields": {
    "action_time": "2024-08-15T19:47:14.276Z",
    "user": 1,
    "content_type": 7,
    "object_id": "11",
    "object_repr": "Top 10 JavaScript Frameworks and Libraries to Learn in 2024",
    "action_flag": 1,
    "change_message": "[{\"added\": {}}]"
  }
},
{
  "model": "admin.logentry",
  "pk": 36,
  "fields": {
    "action_time": "2024-08-15T19:47:45.599Z",
    "user": 1,
    "content_type": 7,
    "object_id": "12",
    "object_repr": "Understanding RESTful APIs: A Practical Approach",
    "action_flag": 1,
    "change_message": "[{\"added\": {}}]"
  }
},
{
  "model": "admin.logentry",
  "pk": 37,
  "fields": {
    "action_time": "2024-08-15T19:48:15.284Z",
    "user": 1,
    "content_type": 7,
    "object_id": "13",
    "object_repr": "The Power of Git: Version Control for Developers",
    "action_flag": 1,
    "change_message": "[{\"added\": {}}]"
  }
},
{
  "model": "admin.logentry",
  "pk": 38,
  "fields": {
    "action_time": "2024-08-15T19:48:43.406Z",
    "user": 1,
    "content_type": 7,
    "object_id": "14",
    "object_repr": "How to Build Your First Full-Stack Web Application",
    "action_flag": 1,
    "change_message": "[{\"added\": {}}]"
  }
},
{
  "model": "admin.logentry",
  "pk": 39,
  "fields": {
    "action_time": "2024-08-15T19:49:19.801Z",
    "user": 1,
    "content_type": 7,
    "object_id": "15",
    "object_repr": "10 Common JavaScript Mistakes and How to Avoid Them",
    "action_flag": 1,
    "change_message": "[{\"added\": {}}]"
  }
},
{
  "model": "admin.logentry",
  "pk": 40,
  "fields": {
    "action_time": "2024-08-16T18:52:59.221Z",
    "user": 1,
    "content_type": 7,
    "object_id": "16",
    "object_repr": "markdown post",
    "action_flag": 1,
    "change_message": "[{\"added\": {}}]"
  }
},
{
  "model": "admin.logentry",
  "pk": 41,
  "fields": {
    "action_time": "2024-08-16T19:16:41.624Z",
    "user": 1,
    "content_type": 11,
    "object_id": "1",
    "object_repr": "localhost:8000",
    "action_flag": 2,
    "change_message": "[{\"changed\": {\"fields\": [\"Domain name\", \"Display name\"]}}]"
  }
},
{
  "model": "auth.permission",
  "pk": 1,
  "fields": {
    "name": "Can add log entry",
    "content_type": 1,
    "codename": "add_logentry"
  }
},
{
  "model": "auth.permission",
  "pk": 2,
  "fields": {
    "name": "Can change log entry",
    "content_type": 1,
    "codename": "change_logentry"
  }
},
{
  "model": "auth.permission",
  "pk": 3,
  "fields": {
    "name": "Can delete log entry",
    "content_type": 1,
    "codename": "delete_logentry"
  }
},
{
  "model": "auth.permission",
  "pk": 4,
  "fields": {
    "name": "Can view log entry",
    "content_type": 1,
    "codename": "view_logentry"
  }
},
{
  "model": "auth.permission",
  "pk": 5,
  "fields": {
    "name": "Can add permission",
    "content_type": 2,
    "codename": "add_permission"
  }
},
{
  "model": "auth.permission",
  "pk": 6,
  "fields": {
    "name": "Can change permission",
    "content_type": 2,
    "codename": "change_permission"
  }
},
{
  "model": "auth.permission",
  "pk": 7,
  "fields": {
    "name": "Can delete permission",
    "content_type": 2,
    "codename": "delete_permission"
  }
},
{
  "model": "auth.permission",
  "pk": 8,
  "fields": {
    "name": "Can view permission",
    "content_type": 2,
    "codename": "view_permission"
  }
},
{
  "model": "auth.permission",
  "pk": 9,
  "fields": {
    "name": "Can add group",
    "content_type": 3,
    "codename": "add_group"
  }
},
{
  "model": "auth.permission",
  "pk": 10,
  "fields": {
    "name": "Can change group",
    "content_type": 3,
    "codename": "change_group"
  }
},
{
  "model": "auth.permission",
  "pk": 11,
  "fields": {
    "name": "Can delete group",
    "content_type": 3,
    "codename": "delete_group"
  }
},
{
  "model": "auth.permission",
  "pk": 12,
  "fields": {
    "name": "Can view group",
    "content_type": 3,
    "codename": "view_group"
  }
},
{
  "model": "auth.permission",
  "pk": 13,
  "fields": {
    "name": "Can add user",
    "content_type": 4,
    "codename": "add_user"
  }
},
{
  "model": "auth.permission",
  "pk": 14,
  "fields": {
    "name": "Can change user",
    "content_type": 4,
    "codename": "change_user"
  }
},
{
  "model": "auth.permission",
  "pk": 15,
  "fields": {
    "name": "Can delete user",
    "content_type": 4,
    "codename": "delete_user"
  }
},
{
  "model": "auth.permission",
  "pk": 16,
  "fields": {
    "name": "Can view user",
    "content_type": 4,
    "codename": "view_user"
  }
},
{
  "model": "auth.permission",
  "pk": 17,
  "fields": {
    "name": "Can add content type",
    "content_type": 5,
    "codename": "add_contenttype"
  }
},
{
  "model": "auth.permission",
  "pk": 18,
  "fields": {
    "name": "Can change content type",
    "content_type": 5,
    "codename": "change_contenttype"
  }
},
{
  "model": "auth.permission",
  "pk": 19,
  "fields": {
    "name": "Can delete content type",
    "content_type": 5,
    "codename": "delete_contenttype"
  }
},
{
  "model": "auth.permission",
  "pk": 20,
  "fields": {
    "name": "Can view content type",
    "content_type": 5,
    "codename": "view_contenttype"
  }
},
{
  "model": "auth.permission",
  "pk": 21,
  "fields": {
    "name": "Can add session",
    "content_type": 6,
    "codename": "add_session"
  }
},
{
  "model": "auth.permission",
  "pk": 22,
  "fields": {
    "name": "Can change session",
    "content_type": 6,
    "codename": "change_session"
  }
},
{
  "model": "auth.permission",
  "pk": 23,
  "fields": {
    "name": "Can delete session",
    "content_type": 6,
    "codename": "delete_session"
  }
},
{
  "model": "auth.permission",
  "pk": 24,
  "fields": {
    "name": "Can view session",
    "content_type": 6,
    "codename": "view_session"
  }
},
{
  "model": "auth.permission",
  "pk": 25,
  "fields": {
    "name": "Can add post",
    "content_type": 7,
    "codename": "add_post"
  }
},
{
  "model": "auth.permission",
  "pk": 26,
  "fields": {
    "name": "Can change post",
    "content_type": 7,
    "codename": "change_post"
  }
},
{
  "model": "auth.permission",
  "pk": 27,
  "fields": {
    "name": "Can delete post",
    "content_type": 7,
    "codename": "delete_post"
  }
},
{
  "model": "auth.permission",
  "pk": 28,
  "fields": {
    "name": "Can view post",
    "content_type": 7,
    "codename": "view_post"
  }
},
{
  "model": "auth.permission",
  "pk": 29,
  "fields": {
    "name": "Can add comment",
    "content_type": 8,
    "codename": "add_comment"
  }
},
{
  "model": "auth.permission",
  "pk": 30,
  "fields": {
    "name": "Can change comment",
    "content_type": 8,
    "codename": "change_comment"
  }
},
{
  "model": "auth.permission",
  "pk": 31,
  "fields": {
    "name": "Can delete comment",
    "content_type": 8,
    "codename": "delete_comment"
  }
},
{
  "model": "auth.permission",
  "pk": 32,
  "fields": {
    "name": "Can view comment",
    "content_type": 8,
    "codename": "view_comment"
  }
},
{
  "model": "auth.permission",
  "pk": 33,
  "fields": {
    "name": "Can add tag",
    "content_type": 9,
    "codename": "add_tag"
  }
},
{
  "model": "auth.permission",
  "pk": 34,
  "fields": {
    "name": "Can change tag",
    "content_type": 9,
    "codename": "change_tag"
  }
},
{
  "model": "auth.permission",
  "pk": 35,
  "fields": {
    "name": "Can delete tag",
    "content_type": 9,
    "codename": "delete_tag"
  }
},
{
  "model": "auth.permission",
  "pk": 36,
  "fields": {
    "name": "Can view tag",
    "content_type": 9,
    "codename": "view_tag"
  }
},
{
  "model": "auth.permission",
  "pk": 37,
  "fields": {
    "name": "Can add tagged item",
    "content_type": 10,
    "codename": "add_taggeditem"
  }
},
{
  "model": "auth.permission",
  "pk": 38,
  "fields": {
    "name": "Can change tagged item",
    "content_type": 10,
    "codename": "change_taggeditem"
  }
},
{
  "model": "auth.permission",
  "pk": 39,
  "fields": {
    "name": "Can delete tagged item",
    "content_type": 10,
    "codename": "delete_taggeditem"
  }
},
{
  "model": "auth.permission",
  "pk": 40,
  "fields": {
    "name": "Can view tagged item",
    "content_type": 10,
    "codename": "view_taggeditem"
  }
},
{
  "model": "auth.permission",
  "pk": 41,
  "fields": {
    "name": "Can add site",
    "content_type": 11,
    "codename": "add_site"
  }
},
{
  "model": "auth.permission",
  "pk": 42,
  "fields": {
    "name": "Can change site",
    "content_type": 11,
    "codename": "change_site"
  }
},
{
  "model": "auth.permission",
  "pk": 43,
  "fields": {
    "name": "Can delete site",
    "content_type": 11,
    "codename": "delete_site"
  }
},
{
  "model": "auth.permission",
  "pk": 44,
  "fields": {
    "name": "Can view site",
    "content_type": 11,
    "codename": "view_site"
  }
},
{
  "model": "auth.user",
  "pk": 1,
  "fields": {
    "password": "pbkdf2_sha256$720000$AvMfB8vZ0G9m69kog8tjGk$6JPx+II8SJgzeA02JFM8SEXJedQ4pXq5T8tjTSBBjIw=",
    "last_login": "2024-08-16T18:52:32.177Z",
    "is_superuser": true,
    "username": "kokfbc",
    "first_name": "",
    "last_name": "",
    "email": "kokfbc@gmail.com",
    "is_staff": true,
    "is_active": true,
    "date_joined": "2024-07-31T17:37:46.098Z",
    "groups": [],
    "user_permissions": []
  }
},
{
  "model": "contenttypes.contenttype",
  "pk": 1,
  "fields": {
    "app_label": "admin",
    "model": "logentry"
  }
},
{
  "model": "contenttypes.contenttype",
  "pk": 2,
  "fields": {
    "app_label": "auth",
    "model": "permission"
  }
},
{
  "model": "contenttypes.contenttype",
  "pk": 3,
  "fields": {
    "app_label": "auth",
    "model": "group"
  }
},
{
  "model": "contenttypes.contenttype",
  "pk": 4,
  "fields": {
    "app_label": "auth",
    "model": "user"
  }
},
{
  "model": "contenttypes.contenttype",
  "pk": 5,
  "fields": {
    "app_label": "contenttypes",
    "model": "contenttype"
  }
},
{
  "model": "contenttypes.contenttype",
  "pk": 6,
  "fields": {
    "app_label": "sessions",
    "model": "session"
  }
},
{
  "model": "contenttypes.contenttype",
  "pk": 7,
  "fields": {
    "app_label": "blog",
    "model": "post"
  }
},
{
  "model": "contenttypes.contenttype",
  "pk": 8,
  "fields": {
    "app_label": "blog",
    "model": "comment"
  }
},
{
  "model": "contenttypes.contenttype",
  "pk": 9,
  "fields": {
    "app_label": "taggit",
    "model": "tag"
  }
},
{
  "model": "contenttypes.contenttype",
  "pk": 10,
  "fields": {
    "app_label": "taggit",
    "model": "taggeditem"
  }
},
{
  "model": "contenttypes.contenttype",
  "pk": 11,
  "fields": {
    "app_label": "sites",
    "model": "site"
  }
},
{
  "model": "sessions.session",
  "pk": "bniizf2ads8qssd77xc4e1g9h3ui34qa",
  "fields": {
    "session_data": ".eJxVjEsOwiAUAO_C2hAof5fuewZC33tI1UBS2pXx7oakC93OTObNYjr2Eo9OW1yRXZlkl1-2JHhSHQIfqd4bh1b3bV34SPhpO58b0ut2tn-DknoZW60zTcZKBdJkBYBCS5dDcEYIkoReWSvAZhUyOfCEqLM0SYBXatLAPl_Q-Tek:1sZDH5:CrI7ztdC5nwyAS9dbXYwSl-KVNCDnlxmu2si5RAbdtY",
    "expire_date": "2024-08-14T17:38:07.249Z"
  }
},
{
  "model": "sessions.session",
  "pk": "p3xpm79jz1wr7711dmldo3n7rb2x9hql",
  "fields": {
    "session_data": ".eJxVjEsOwiAUAO_C2hAof5fuewZC33tI1UBS2pXx7oakC93OTObNYjr2Eo9OW1yRXZlkl1-2JHhSHQIfqd4bh1b3bV34SPhpO58b0ut2tn-DknoZW60zTcZKBdJkBYBCS5dDcEYIkoReWSvAZhUyOfCEqLM0SYBXatLAPl_Q-Tek:1sf23s:LlXOxmwqIWTKenc34lqG4SLQr9lZpqvzPWuTPptevno",
    "expire_date": "2024-08-30T18:52:32.184Z"
  }
},
{
  "model": "sessions.session",
  "pk": "pxl71vjq14w7nv832fm8nhsevyl8a0q8",
  "fields": {
    "session_data": ".eJxVjEsOwiAUAO_C2hAof5fuewZC33tI1UBS2pXx7oakC93OTObNYjr2Eo9OW1yRXZlkl1-2JHhSHQIfqd4bh1b3bV34SPhpO58b0ut2tn-DknoZW60zTcZKBdJkBYBCS5dDcEYIkoReWSvAZhUyOfCEqLM0SYBXatLAPl_Q-Tek:1sZDcM:T6au5eovJ2sk6VuOB6LLM0hE8--GRHKEXj2ErOe2Rv4",
    "expire_date": "2024-08-14T18:00:06.194Z"
  }
},
{
  "model": "sessions.session",
  "pk": "w7j1zpps88375f26y4332v4a1dv1psy8",
  "fields": {
    "session_data": ".eJxVjEsOwiAUAO_C2hAof5fuewZC33tI1UBS2pXx7oakC93OTObNYjr2Eo9OW1yRXZlkl1-2JHhSHQIfqd4bh1b3bV34SPhpO58b0ut2tn-DknoZW60zTcZKBdJkBYBCS5dDcEYIkoReWSvAZhUyOfCEqLM0SYBXatLAPl_Q-Tek:1seXub:A2Ws1NLtX6nZJbOpAlJ3Y5crjM_TW9FEhUsCh68DfOI",
    "expire_date": "2024-08-29T10:40:57.312Z"
  }
},
{
  "model": "sites.site",
  "pk": 1,
  "fields": {
    "domain": "localhost:8000",
    "name": "localhost:8000"
  }
},
{
  "model": "taggit.tag",
  "pk": 1,
  "fields": {
    "name": "django",
    "slug": "django"
  }
},
{
  "model": "taggit.tag",
  "pk": 2,
  "fields": {
    "name": "programming",
    "slug": "programming"
  }
},
{
  "model": "taggit.tag",
  "pk": 3,
  "fields": {
    "name": "education",
    "slug": "education"
  }
},
{
  "model": "taggit.tag",
  "pk": 4,
  "fields": {
    "name": "Django",
    "slug": "django_1"
  }
},
{
  "model": "taggit.tag",
  "pk": 5,
  "fields": {
    "name": "html",
    "slug": "html"
  }
},
{
  "model": "taggit.tag",
  "pk": 6,
  "fields": {
    "name": "csharp",
    "slug": "csharp"
  }
},
{
  "model": "taggit.tag",
  "pk": 7,
  "fields": {
    "name": "sql",
    "slug": "sql"
  }
},
{
  "model": "taggit.tag",
  "pk": 8,
  "fields": {
    "name": "js",
    "slug": "js"
  }
},
{
  "model": "taggit.tag",
  "pk": 9,
  "fields": {
    "name": "python",
    "slug": "python"
  }
},
{
  "model": "taggit.tag",
  "pk": 10,
  "fields": {
    "name": "djangp",
    "slug": "djangp"
  }
},
{
  "model": "taggit.tag",
  "pk": 11,
  "fields": {
    "name": "rest",
    "slug": "rest"
  }
},
{
  "model": "taggit.tag",
  "pk": 12,
  "fields": {
    "name": "git",
    "slug": "git"
  }
},
{
  "model": "taggit.taggeditem",
  "pk": 1,
  "fields": {
    "tag": 1,
    "content_type": 7,
    "object_id": 1
  }
},
{
  "model": "taggit.taggeditem",
  "pk": 2,
  "fields": {
    "tag": 2,
    "content_type": 7,
    "object_id": 1
  }
},
{
  "model": "taggit.taggeditem",
  "pk": 5,
  "fields": {
    "tag": 1,
    "content_type": 7,
    "object_id": 3
  }
},
{
  "model": "taggit.taggeditem",
  "pk": 6,
  "fields": {
    "tag": 5,
    "content_type": 7,
    "object_id": 2
  }
},
{
  "model": "taggit.taggeditem",
  "pk": 7,
  "fields": {
    "tag": 5,
    "content_type": 7,
    "object_id": 3
  }
},
{
  "model": "taggit.taggeditem",
  "pk": 8,
  "fields": {
    "tag": 6,
    "content_type": 7,
    "object_id": 3
  }
},
{
  "model": "taggit.taggeditem",
  "pk": 11,
  "fields": {
    "tag": 1,
    "content_type": 7,
    "object_id": 5
  }
},
{
  "model": "taggit.taggeditem",
  "pk": 12,
  "fields": {
    "tag": 5,
    "content_type": 7,
    "object_id": 5
  }
},
{
  "model": "taggit.taggeditem",
  "pk": 13,
  "fields": {
    "tag": 1,
    "content_type": 7,
    "object_id": 9
  }
},
{
  "model": "taggit.taggeditem",
  "pk": 14,
  "fields": {
    "tag": 5,
    "content_type": 7,
    "object_id": 9
  }
},
{
  "model": "taggit.taggeditem",
  "pk": 15,
  "fields": {
    "tag": 8,
    "content_type": 7,
    "object_id": 9
  }
},
{
  "model": "taggit.taggeditem",
  "pk": 16,
  "fields": {
    "tag": 1,
    "content_type": 7,
    "object_id": 10
  }
},
{
  "model": "taggit.taggeditem",
  "pk": 17,
  "fields": {
    "tag": 9,
    "content_type": 7,
    "object_id": 10
  }
},
{
  "model": "taggit.taggeditem",
  "pk": 18,
  "fields": {
    "tag": 7,
    "content_type": 7,
    "object_id": 10
  }
},
{
  "model": "taggit.taggeditem",
  "pk": 19,
  "fields": {
    "tag": 10,
    "content_type": 7,
    "object_id": 11
  }
},
{
  "model": "taggit.taggeditem",
  "pk": 20,
  "fields": {
    "tag": 8,
    "content_type": 7,
    "object_id": 11
  }
},
{
  "model": "taggit.taggeditem",
  "pk": 21,
  "fields": {
    "tag": 11,
    "content_type": 7,
    "object_id": 12
  }
},
{
  "model": "taggit.taggeditem",
  "pk": 22,
  "fields": {
    "tag": 1,
    "content_type": 7,
    "object_id": 13
  }
},
{
  "model": "taggit.taggeditem",
  "pk": 23,
  "fields": {
    "tag": 12,
    "content_type": 7,
    "object_id": 13
  }
},
{
  "model": "taggit.taggeditem",
  "pk": 24,
  "fields": {
    "tag": 5,
    "content_type": 7,
    "object_id": 13
  }
},
{
  "model": "taggit.taggeditem",
  "pk": 25,
  "fields": {
    "tag": 1,
    "content_type": 7,
    "object_id": 14
  }
},
{
  "model": "taggit.taggeditem",
  "pk": 26,
  "fields": {
    "tag": 5,
    "content_type": 7,
    "object_id": 14
  }
},
{
  "model": "taggit.taggeditem",
  "pk": 27,
  "fields": {
    "tag": 8,
    "content_type": 7,
    "object_id": 14
  }
},
{
  "model": "taggit.taggeditem",
  "pk": 28,
  "fields": {
    "tag": 5,
    "content_type": 7,
    "object_id": 15
  }
},
{
  "model": "taggit.taggeditem",
  "pk": 29,
  "fields": {
    "tag": 8,
    "content_type": 7,
    "object_id": 15
  }
},
{
  "model": "taggit.taggeditem",
  "pk": 30,
  "fields": {
    "tag": 1,
    "content_type": 7,
    "object_id": 16
  }
},
{
  "model": "blog.post",
  "pk": 1,
  "fields": {
    "title": "How django works?",
    "slug": "how-django-works",
    "author": 1,
    "body": "Only the decent ones can comprehend the wisdom of those, who were able to learn Django, amen. \r\n-George Kokfbc.",
    "publish": "2024-07-31T18:05:20Z",
    "created": "2024-07-31T17:47:20.834Z",
    "updated": "2024-08-04T13:58:44.397Z",
    "status": "PB"
  }
},
{
  "model": "blog.post",
  "pk": 2,
  "fields": {
    "title": "How to learn html?",
    "slug": "how-to-html",
    "author": 1,
    "body": "To review, here are three easy ways you can start learning HTML: Watch a YouTube tutorial from creators like Programming with Mosh. Take an HTML course on Codecademy or Learn-html.org. Practice HTML coding on a platform like CodePen.",
    "publish": "2024-07-31T18:18:58Z",
    "created": "2024-07-31T18:19:03.945Z",
    "updated": "2024-08-15T19:46:03.602Z",
    "status": "PB"
  }
},
{
  "model": "blog.post",
  "pk": 3,
  "fields": {
    "title": "top 5 best programming languages 2024",
    "slug": "top-5-best-programming-languages-2024",
    "author": 1,
    "body": "python number 1",
    "publish": "2024-08-04T18:31:35Z",
    "created": "2024-08-04T18:31:35.600Z",
    "updated": "2024-08-15T19:42:54.634Z",
    "status": "PB"
  }
},
{
  "model": "blog.post",
  "pk": 5,
  "fields": {
    "title": "Coding is easy, here's 5 tips",
    "slug": "coding-is-easy-heres-5-tips",
    "author": 1,
    "body": "Keep in mind it'll be similar for everyone else in your classes too. Helps when you graduate, you'll realize you're competing for those new grad jobs with people with a similar level of knowledge and confidence",
    "publish": "2024-08-05T17:19:56Z",
    "created": "2024-08-05T17:20:49.423Z",
    "updated": "2024-08-15T19:43:13.091Z",
    "status": "PB"
  }
},
{
  "model": "blog.post",
  "pk": 9,
  "fields": {
    "title": "5 Essential Tips for Boosting Your Productivity",
    "slug": "5-essential-tips-for-boosting-your-productivity",
    "author": 1,
    "body": "A detailed guide on how to improve productivity in daily life. You can cover strategies like time management techniques, the importance of breaks, using productivity tools, and creating a focused work environment.",
    "publish": "2024-08-15T19:44:13Z",
    "created": "2024-08-15T19:44:43.998Z",
    "updated": "2024-08-15T19:44:43.998Z",
    "status": "PB"
  }
},
{
  "model": "blog.post",
  "pk": 10,
  "fields": {
    "title": "Getting Started with Python: A Beginner's Guide",
    "slug": "getting-started-with-python-a-beginners-guide",
    "author": 1,
    "body": "This post would be perfect for beginners who are new to programming or Python. It can cover the basics of Python, how to set up a development environment, and some simple projects to get started.",
    "publish": "2024-08-15T19:46:19Z",
    "created": "2024-08-15T19:46:51.975Z",
    "updated": "2024-08-15T19:46:51.975Z",
    "status": "PB"
  }
},
{
  "model": "blog.post",
  "pk": 11,
  "fields": {
    "title": "Top 10 JavaScript Frameworks and Libraries to Learn in 2024",
    "slug": "top-10-javascript-frameworks-and-libraries-to-learn-in-2024",
    "author": 1,
    "body": "A rundown of the most popular and upcoming JavaScript frameworks and libraries for 2024. Discuss what each framework is best used for, its pros and cons, and how to get started with each.",
    "publish": "2024-08-15T19:46:53Z",
    "created": "2024-08-15T19:47:14.264Z",
    "updated": "2024-08-15T19:47:14.264Z",
    "status": "PB"
  }
},
{
  "model": "blog.post",
  "pk": 12,
  "fields": {
    "title": "Understanding RESTful APIs: A Practical Approach",
    "slug": "understanding-restful-apis-a-practical-approach",
    "author": 1,
    "body": "Explain what RESTful APIs are, why they are important in modern web development, and how to create one using a popular backend framework like Django or Express.js. Include examples of API endpoints and how to interact with them.",
    "publish": "2024-08-15T19:47:17Z",
    "created": "2024-08-15T19:47:45.587Z",
    "updated": "2024-08-15T19:47:45.587Z",
    "status": "PB"
  }
},
{
  "model": "blog.post",
  "pk": 13,
  "fields": {
    "title": "The Power of Git: Version Control for Developers",
    "slug": "the-power-of-git-version-control-for-developers",
    "author": 1,
    "body": "An in-depth guide on using Git for version control, tailored for developers of all skill levels. Cover essential commands, branching, merging, and how to use GitHub for collaboration.",
    "publish": "2024-08-15T19:47:54Z",
    "created": "2024-08-15T19:48:15.278Z",
    "updated": "2024-08-15T19:48:15.278Z",
    "status": "PB"
  }
},
{
  "model": "blog.post",
  "pk": 14,
  "fields": {
    "title": "How to Build Your First Full-Stack Web Application",
    "slug": "how-to-build-your-first-full-stack-web-application",
    "author": 1,
    "body": "Walk readers through building a full-stack web application from scratch, using a popular frontend framework (React, Angular) and a backend framework (Node.js, Django). The post can include database integration and deployment tips.",
    "publish": "2024-08-15T19:48:15Z",
    "created": "2024-08-15T19:48:43.398Z",
    "updated": "2024-08-15T19:48:43.398Z",
    "status": "PB"
  }
},
{
  "model": "blog.post",
  "pk": 15,
  "fields": {
    "title": "10 Common JavaScript Mistakes and How to Avoid Them",
    "slug": "10-common-javascript-mistakes-and-how-to-avoid-them",
    "author": 1,
    "body": "Highlight common errors developers make when working with JavaScript and provide solutions or best practices to avoid these pitfalls. This post will help both beginners and experienced developers write cleaner, bug-free code.",
    "publish": "2024-08-15T19:48:43Z",
    "created": "2024-08-15T19:49:19.794Z",
    "updated": "2024-08-15T19:49:19.795Z",
    "status": "PB"
  }
},
{
  "model": "blog.post",
  "pk": 16,
  "fields": {
    "title": "markdown post",
    "slug": "markdown-post",
    "author": 1,
    "body": "This is a post formatted with markdown\r\n\r\n--------------------------------------\r\n\r\n*This is emphasized* and **this is more emphasized**.\r\n\r\nHere is a list:\r\n\r\n* One\r\n\r\n* Two\r\n\r\n* Three\r\n\r\n \r\n\r\nAnd a [link to the Django website](https://www.djangoproject.com/)",
    "publish": "2024-08-16T18:52:32Z",
    "created": "2024-08-16T18:52:59.218Z",
    "updated": "2024-08-16T18:52:59.218Z",
    "status": "PB"
  }
},
{
  "model": "blog.comment",
  "pk": 1,
  "fields": {
    "post": 3,
    "name": "george",
    "email": "kokfbc@gmail.com",
    "body": "An excellent post out here.",
    "created": "2024-08-12T18:08:43.016Z",
    "updated": "2024-08-12T18:08:43.016Z",
    "active": true
  }
},
{
  "model": "blog.comment",
  "pk": 4,
  "fields": {
    "post": 13,
    "name": "George",
    "email": "kokfbc@gmail.com",
    "body": "Not that bad tbh",
    "created": "2024-08-16T12:12:40.019Z",
    "updated": "2024-08-16T12:12:40.020Z",
    "active": true
  }
},
{
  "model": "blog.comment",
  "pk": 5,
  "fields": {
    "post": 14,
    "name": "George",
    "email": "kokfbc@gmail.com",
    "body": "Hmm, thanks for this post. i just started learning django and react and i see the progress",
    "created": "2024-08-16T12:13:18.636Z",
    "updated": "2024-08-16T12:13:18.636Z",
    "active": true
  }
},
{
  "model": "blog.comment",
  "pk": 6,
  "fields": {
    "post": 14,
    "name": "George",
    "email": "kokfbc@gmail.com",
    "body": "subscribed and donated",
    "created": "2024-08-16T12:13:38.062Z",
    "updated": "2024-08-16T12:13:38.062Z",
    "active": true
  }
},
{
  "model": "blog.comment",
  "pk": 7,
  "fields": {
    "post": 15,
    "name": "George",
    "email": "kokfbc@gmail.com",
    "body": "Mistakes are significant, thank you for an advice",
    "created": "2024-08-16T12:15:27.024Z",
    "updated": "2024-08-16T12:15:27.024Z",
    "active": true
  }
},
{
  "model": "blog.comment",
  "pk": 8,
  "fields": {
    "post": 12,
    "name": "George",
    "email": "kokfbc@gmail.com",
    "body": "I've been working with restAPI for 5 years already and even now this post was useful, you provided me with useful tools to know here",
    "created": "2024-08-16T12:16:11.977Z",
    "updated": "2024-08-16T12:16:11.977Z",
    "active": true
  }
}
]
